-- MySQL dump 10.13  Distrib 5.7.23, for Linux (x86_64)
--
-- Host: localhost    Database: seguimientomonedas
-- ------------------------------------------------------
-- Server version	5.7.28

/*!40101 SET @OLD_CHARACTER_SET_CLIENT=@@CHARACTER_SET_CLIENT */;
/*!40101 SET @OLD_CHARACTER_SET_RESULTS=@@CHARACTER_SET_RESULTS */;
/*!40101 SET @OLD_COLLATION_CONNECTION=@@COLLATION_CONNECTION */;
/*!40101 SET NAMES utf8 */;
/*!40103 SET @OLD_TIME_ZONE=@@TIME_ZONE */;
/*!40103 SET TIME_ZONE='+00:00' */;
/*!40014 SET @OLD_UNIQUE_CHECKS=@@UNIQUE_CHECKS, UNIQUE_CHECKS=0 */;
/*!40014 SET @OLD_FOREIGN_KEY_CHECKS=@@FOREIGN_KEY_CHECKS, FOREIGN_KEY_CHECKS=0 */;
/*!40101 SET @OLD_SQL_MODE=@@SQL_MODE, SQL_MODE='NO_AUTO_VALUE_ON_ZERO' */;
/*!40111 SET @OLD_SQL_NOTES=@@SQL_NOTES, SQL_NOTES=0 */;

--
-- Table structure for table `historicocambioeuro`
--

DROP TABLE IF EXISTS `historicocambioeuro`;
/*!40101 SET @saved_cs_client     = @@character_set_client */;
/*!40101 SET character_set_client = utf8 */;
CREATE TABLE `historicocambioeuro` (
  `idhistoricocambioeuro` int(11) NOT NULL AUTO_INCREMENT,
  `fkidmoneda` int(11) NOT NULL,
  `fecha` date DEFAULT NULL,
  `equivalenteeuro` decimal(19,4) DEFAULT NULL,
  PRIMARY KEY (`idhistoricocambioeuro`),
  KEY `fk_monedas_idx` (`fkidmoneda`),
  CONSTRAINT `fk_monedas` FOREIGN KEY (`fkidmoneda`) REFERENCES `monedas` (`idmoneda`) ON DELETE NO ACTION ON UPDATE NO ACTION
) ENGINE=InnoDB AUTO_INCREMENT=7 DEFAULT CHARSET=utf8;
/*!40101 SET character_set_client = @saved_cs_client */;

--
-- Dumping data for table `historicocambioeuro`
--

LOCK TABLES `historicocambioeuro` WRITE;
/*!40000 ALTER TABLE `historicocambioeuro` DISABLE KEYS */;
INSERT INTO `historicocambioeuro` VALUES (1,1,'2020-01-01',1.1200),(2,2,'2020-03-25',0.2500),(3,2,'2019-01-14',0.5000),(4,1,'2019-12-27',0.9000),(5,1,'2020-12-30',0.9500),(6,1,'2020-11-23',0.8000);
/*!40000 ALTER TABLE `historicocambioeuro` ENABLE KEYS */;
UNLOCK TABLES;

--
-- Table structure for table `monedas`
--

DROP TABLE IF EXISTS `monedas`;
/*!40101 SET @saved_cs_client     = @@character_set_client */;
/*!40101 SET character_set_client = utf8 */;
CREATE TABLE `monedas` (
  `idmoneda` int(11) NOT NULL AUTO_INCREMENT,
  `nombre` varchar(45) NOT NULL,
  `pais` varchar(45) DEFAULT NULL,
  PRIMARY KEY (`idmoneda`)
) ENGINE=InnoDB AUTO_INCREMENT=7 DEFAULT CHARSET=utf8;
/*!40101 SET character_set_client = @saved_cs_client */;

--
-- Dumping data for table `monedas`
--

LOCK TABLES `monedas` WRITE;
/*!40000 ALTER TABLE `monedas` DISABLE KEYS */;
INSERT INTO `monedas` VALUES (1,'dolar','Estados Unidos'),(2,'yen','Japón'),(4,'libra','UK'),(5,'libra','UK'),(6,'libra','UK');
/*!40000 ALTER TABLE `monedas` ENABLE KEYS */;
UNLOCK TABLES;

--
-- Table structure for table `rol`
--

DROP TABLE IF EXISTS `rol`;
/*!40101 SET @saved_cs_client     = @@character_set_client */;
/*!40101 SET character_set_client = utf8 */;
CREATE TABLE `rol` (
  `idrol` int(11) NOT NULL AUTO_INCREMENT,
  `nombre` varchar(45) NOT NULL,
  PRIMARY KEY (`idrol`)
) ENGINE=InnoDB AUTO_INCREMENT=5 DEFAULT CHARSET=latin1;
/*!40101 SET character_set_client = @saved_cs_client */;

--
-- Dumping data for table `rol`
--

LOCK TABLES `rol` WRITE;
/*!40000 ALTER TABLE `rol` DISABLE KEYS */;
INSERT INTO `rol` VALUES (1,'ROLE_USER'),(2,'ROLE_ADMIN'),(3,'usuario'),(4,'admin');
/*!40000 ALTER TABLE `rol` ENABLE KEYS */;
UNLOCK TABLES;

--
-- Table structure for table `usuario`
--

DROP TABLE IF EXISTS `usuario`;
/*!40101 SET @saved_cs_client     = @@character_set_client */;
/*!40101 SET character_set_client = utf8 */;
CREATE TABLE `usuario` (
  `idusuario` int(11) NOT NULL AUTO_INCREMENT,
  `nombre` varchar(45) NOT NULL,
  `password` varchar(200) NOT NULL,
  PRIMARY KEY (`idusuario`),
  UNIQUE KEY `nombre_UNIQUE` (`nombre`)
) ENGINE=InnoDB AUTO_INCREMENT=38 DEFAULT CHARSET=latin1;
/*!40101 SET character_set_client = @saved_cs_client */;

--
-- Dumping data for table `usuario`
--

LOCK TABLES `usuario` WRITE;
/*!40000 ALTER TABLE `usuario` DISABLE KEYS */;
INSERT INTO `usuario` VALUES (7,'root','$2a$10$zvuDxpKR.9xerEth4PzoDOySS8h2La5euRlVKEPabr9CkBqISnYGa'),(12,'lui','$2a$10$0xezsvQnVm/I.DOTqprt9esmD4wava7gVY/oZB2HlaUz.ZaJP7sa2'),(15,'anitita','$2a$10$zvuDxpKR.9xerEth4PzoDOySS8h2La5euRlVKEPabr9CkBqISnYGa'),(16,'anita','$2a$10$zvuDxpKR.9xerEth4PzoDOySS8h2La5euRlVKEPabr9CkBqISnYGa'),(17,'rivaldo','$2a$10$zvuDxpKR.9xerEth4PzoDOySS8h2La5euRlVKEPabr9CkBqISnYGa');
/*!40000 ALTER TABLE `usuario` ENABLE KEYS */;
UNLOCK TABLES;

--
-- Table structure for table `usuario_rol`
--

DROP TABLE IF EXISTS `usuario_rol`;
/*!40101 SET @saved_cs_client     = @@character_set_client */;
/*!40101 SET character_set_client = utf8 */;
CREATE TABLE `usuario_rol` (
  `idusuario_rol` int(11) NOT NULL AUTO_INCREMENT,
  `fk_usuario` int(11) NOT NULL,
  `fk_rol` int(11) NOT NULL,
  PRIMARY KEY (`idusuario_rol`),
  KEY `fk_usuario_idx` (`fk_usuario`),
  KEY `fk_roll_idx` (`fk_rol`),
  CONSTRAINT `fk_roll` FOREIGN KEY (`fk_rol`) REFERENCES `rol` (`idrol`) ON DELETE NO ACTION ON UPDATE NO ACTION,
  CONSTRAINT `fk_usuarioo` FOREIGN KEY (`fk_usuario`) REFERENCES `usuario` (`idusuario`) ON DELETE NO ACTION ON UPDATE NO ACTION
) ENGINE=InnoDB AUTO_INCREMENT=14 DEFAULT CHARSET=latin1;
/*!40101 SET character_set_client = @saved_cs_client */;

--
-- Dumping data for table `usuario_rol`
--

LOCK TABLES `usuario_rol` WRITE;
/*!40000 ALTER TABLE `usuario_rol` DISABLE KEYS */;
INSERT INTO `usuario_rol` VALUES (1,15,2),(2,7,1),(7,12,1),(8,17,1),(13,7,2);
/*!40000 ALTER TABLE `usuario_rol` ENABLE KEYS */;
UNLOCK TABLES;
/*!40103 SET TIME_ZONE=@OLD_TIME_ZONE */;

/*!40101 SET SQL_MODE=@OLD_SQL_MODE */;
/*!40014 SET FOREIGN_KEY_CHECKS=@OLD_FOREIGN_KEY_CHECKS */;
/*!40014 SET UNIQUE_CHECKS=@OLD_UNIQUE_CHECKS */;
/*!40101 SET CHARACTER_SET_CLIENT=@OLD_CHARACTER_SET_CLIENT */;
/*!40101 SET CHARACTER_SET_RESULTS=@OLD_CHARACTER_SET_RESULTS */;
/*!40101 SET COLLATION_CONNECTION=@OLD_COLLATION_CONNECTION */;
/*!40111 SET SQL_NOTES=@OLD_SQL_NOTES */;

-- Dump completed on 2021-01-04 22:19:17